order_year,order_month,total_revenue,order_count,avg_order_value
2024,1,1.621607365E7,62,261549.57
2024,2,1.322525433E7,42,314887.01
2024,3,1.113389899E7,42,265092.83
2024,4,1.455051826E7,48,303135.8
2024,5,1.486098198E7,52,285788.12
2024,6,1.380866254E7,53,260540.8
